<?xml version='1.0' encoding='UTF-8'?>
<package uuid="dialog_lexicon" version="1.0.28">
  <names>
    <name lang="en_US">dialog_lexicon</name>
    <name lang="en_US-x-scrald">dialog_lexicon</name>
    <name lang="fr_FR">dialog_lexicon</name>
    <name lang="fr_FR-x-scrald">dialog_lexicon</name>
    <name lang="ja_JP">dialog_lexicon</name>
    <name lang="ja_JP-x-scrald">dialog_lexicon</name>
    <name lang="zh_CN">dialog_lexicon</name>
    <name lang="zh_CN-x-scrald">dialog_lexicon</name>
  </names>
  <descriptions>
    <description lang="en_US">Utility application: dictionary of concepts making the writing of dialogs faster and more efficient.
For instance, the "~yes" concept lists all the ways to answer positively to one of the robot's questions:
Robot: Do you like sports?
Human: ~yes
Robot: Great!</description>
    <description lang="en_US-x-scrald">Utility application: dictionary of concepts making the writing of dialogs faster and more efficient.
For instance, the "~yes" concept lists all the ways to answer positively to one of the robot's questions:
Robot: Do you like sports?
Human: ~yes
Robot: Great!</description>
    <description lang="fr_FR">Application utilitaire : dictionnaire qui regroupe un ensemble de concepts permettant de rédiger du dialogue plus rapidement et efficacement.
Par exemple, le concept "~yes" regroupe toutes les façons de répondre positivement à une question du robot :
Robot : Aimes-tu faire du sport ?
Humain : ~yes
Robot : Super!</description>
    <description lang="fr_FR-x-scrald">Application utilitaire : dictionnaire qui regroupe un ensemble de concepts permettant de rédiger du dialogue plus rapidement et efficacement.
Par exemple, le concept "~yes" regroupe toutes les façons de répondre positivement à une question du robot :
Robot : Aimes-tu faire du sport ?
Humain : ~yes
Robot : Super!</description>
    <description lang="ja_JP">すべてのダイアログのための用語集</description>
    <description lang="ja_JP-x-scrald">すべてのダイアログのための用語集</description>
    <description lang="zh_CN">可能用到的各种词汇</description>
    <description lang="zh_CN-x-scrald">可能用到的各种词汇</description>
  </descriptions>
  <supportedLanguages>
    <language>en_US</language>
    <language>fr_FR</language>
    <language>ja_JP</language>
    <language>zh_CN</language>
  </supportedLanguages>
  <descriptionLanguages>
    <language>en_US</language>
    <language>fr_FR</language>
    <language>ja_JP</language>
    <language>zh_CN</language>
  </descriptionLanguages>
  <contents>
    <behaviorContent path=".">
      <nature>interactive</nature>
      <permissions/>
    </behaviorContent>
    <behaviorContent path="behavior_1">
      <nature>interactive</nature>
      <permissions/>
    </behaviorContent>
    <dialogContent typeVersion="1.0" topicName="lexicon">
      <topic language="en_US" path="./lexicon_enu.top"/>
      <topic language="fr_FR" path="./lexicon_frf.top"/>
      <topic language="ja_JP" path="./lexicon_jpj.top"/>
      <topic language="zh_CN" path="./lexicon_mnc.top"/>
    </dialogContent>
    <dialogContent typeVersion="1.0" topicName="skin_B2B">
      <topic language="en_US" path="skin_B2B/skin_B2B_enu.top"/>
      <topic language="fr_FR" path="skin_B2B/skin_B2B_frf.top"/>
      <topic language="ja_JP" path="skin_B2B/skin_B2B_jpj.top"/>
      <topic language="zh_CN" path="skin_B2B/skin_B2B_mnc.top"/>
    </dialogContent>
    <dialogContent typeVersion="1.0" topicName="lexicon_names">
      <topic language="en_US" path="./lexicon_names_enu.top"/>
      <topic language="fr_FR" path="./lexicon_names_frf.top"/>
    </dialogContent>
    <dialogContent typeVersion="1.0" topicName="lexicon_geography">
      <topic language="en_US" path="./lexicon_geography_enu.top"/>
      <topic language="fr_FR" path="./lexicon_geography_frf.top"/>
      <topic language="zh_CN" path="./lexicon_geography_mnc.top"/>
    </dialogContent>
    <dialogContent typeVersion="1.0" topicName="skin_tmp_tweak">
      <topic language="en_US" path="skin_tmp_tweak/skin_tmp_tweak_enu.top"/>
      <topic language="fr_FR" path="skin_tmp_tweak/skin_tmp_tweak_frf.top"/>
      <topic language="ja_JP" path="skin_tmp_tweak/skin_tmp_tweak_jpj.top"/>
    </dialogContent>
  </contents>
  <requirements>
    <naoqiRequirement minVersion="2.1"/>
    <robotRequirement model="JULIETTE"/>
    <robotRequirement model="NAO"/>
  </requirements>
</package>
